name,ná»™i dung,link cÃ¡ nhÃ¢n cmt
ğ™‚ğ™ğ™§ğ™¡ğŸ‡¨ğŸ‡³ğŸ¶,ny bÃ  Ä‘Ã³,https://www.tiktok.com/@sondtr1010?lang=vi-VN
Tuáº¥n Viá»‡t 204,Äá»“ng Ä‘á»™i cá»§a chÃºng tağŸ˜‚,https://www.tiktok.com/@dyy4qupvmu76?lang=vi-VN
ğ™‚ğ™ğ™§ğ™¡ğŸ‡¨ğŸ‡³ğŸ¶,2 ngá»«i mÃ  anh ná»™iğŸ¥º,https://www.tiktok.com/@sondtr1010?lang=vi-VN
chinh,nhÃ¬n tai cháº¯c lÃ  1 ngÆ°á»i. ae bÃ¬nh tÄ©nh nÃ o,https://www.tiktok.com/@le.chinh?lang=vi-VN
HÃ¹ng cá»›t vÃ  968 ngÆ°á»i khÃ¡c,á»§a alo. xem 19 23 láº§n rá»“i ko biáº¿t tháº­t hay giáº£ ğŸ˜³ğŸ˜³,https://www.tiktok.com/@buianhhungth?lang=vi-VN
ğ™‚ğ™ğ™§ğ™¡ğŸ‡¨ğŸ‡³ğŸ¶,giáº£ nhğŸ˜‚,https://www.tiktok.com/@sondtr1010?lang=vi-VN
PHÃšC NGUYEN,Tháº­t giáº£ láº«n lá»™n ğŸ˜µâ€ğŸ’«,https://www.tiktok.com/@nguynphucj?lang=vi-VN
kiÃªn,chá»‹ nÃ³ ğŸ¥º,https://www.tiktok.com/@kien.vo?lang=vi-VN
Õ‡Å³Æ´á»à¸—ğ—¦ğ—œğ¢ğ™‚ğğšğ˜¿ğ˜¼ğ˜¿ğŸ¤“,"QuÃ¡ chiáº¿n , lÃªn cj yÃªu â¤ğŸ˜‚ğŸ˜‚",https://www.tiktok.com/@tuyenissingle?lang=vi-VN
ğ™‚ğ™ğ™§ğ™¡ğŸ‡¨ğŸ‡³ğŸ¶,hiğŸ¥°ğŸ¥°,https://www.tiktok.com/@sondtr1010?lang=vi-VN
jelly boy,á»ğŸ˜³ğŸ˜³ğŸ˜³,https://www.tiktok.com/@a.si.boyy?lang=vi-VN
Giang Báº©n,trapboy chÃ­nh hiá»‡u áº¡,https://www.tiktok.com/@m_gzang_208?lang=vi-VN
Nguyá»…n ThÃ nh NiÃªn,khoan khoan bÃ¬nh tÄ©nh cÃ³ gÃ¬ Ä‘Ã³ sai sai,https://www.tiktok.com/@nienne89?lang=vi-VN
ğ™‚ğ™ğ™§ğ™¡ğŸ‡¨ğŸ‡³ğŸ¶,Ä‘Ãºng mÃ ğŸ¥ºğŸ¥º,https://www.tiktok.com/@sondtr1010?lang=vi-VN
VÄƒn Trung,báº¡n ná»¯ xinh tháº­t,https://www.tiktok.com/@vantrung0501?lang=vi-VN
TrÃ  My18,CÃ¡i tháº» Ä‘Ã³ mua Ä‘Ã¢u z bÃ :>,https://www.tiktok.com/@tramyy679?lang=vi-VN
ğ™‚ğ™ğ™§ğ™¡ğŸ‡¨ğŸ‡³ğŸ¶,ai bÃ­t,https://www.tiktok.com/@sondtr1010?lang=vi-VN
KhÃ¡nh,Ai cÃ³ linh nháº¡c nÃ y ko áº¡,https://www.tiktok.com/@ak10042001?lang=vi-VN
ğ™‚ğ™ğ™§ğ™¡ğŸ‡¨ğŸ‡³ğŸ¶,mÃ¬nh Ä‘ang dÃ¹ng link nháº¡c nháº¡c nÃ y mÃ ,https://www.tiktok.com/@sondtr1010?lang=vi-VN
Cáº¬U BÃ‰ MANG NIá»€M VUI ğŸš¬ ğŸ°,h t k tin vÃ o phá»¥ ná»¯ nx tğŸ˜‚,https://www.tiktok.com/@hoangthaiminh.0?lang=vi-VN
ğ™‚ğ™ğ™§ğ™¡ğŸ‡¨ğŸ‡³ğŸ¶,chÃ­t tá»‹t,https://www.tiktok.com/@sondtr1010?lang=vi-VN
MeiiğŸ¦‹,LÃ  2ng Ä‘Ã³ áº¡. MÃ¬nh nhÃ¬n hÃ m rÄƒngğŸ˜,https://www.tiktok.com/@ht_153?lang=vi-VN
bá»‘ Ä‘á»i,chá»‹uğŸ¥€,https://www.tiktok.com/@suppoido_22?lang=vi-VN
âƒÄÃ¡,Ä‘á»“ng Ä‘á»™i anh em cáº©n tháº­n khÃ´ng Ä‘Æ°á»£c má» máº¯t ğŸ˜‚,https://www.tiktok.com/@thienofficialvn?lang=vi-VN
Iathv,Äá»“ng Ä‘á»™i mÃ  ae bÃ¬nh tibgc,https://www.tiktok.com/@.jesy_07?lang=vi-VN
ğŠğğğ† | ğğ”,TÃ´i báº¯t Ä‘áº§u cÃ³ tÃ¬nh cáº£m vá»›i Ã´ng rá»“i Ä‘Ã³ :)),https://www.tiktok.com/@kong8124?lang=vi-VN
ğ™ƒğ™¤ğ™–ğ™£ğ™œ ğ™‹ğ™šğ™¥ âœˆï¸,Quáº§n Ä‘áº¹p quÃ¡,https://www.tiktok.com/@hoangpep.0203?lang=vi-VN
T.Q.Viá»‡t,lÃ  1 rá»“i cÃ¡i tai láº«n Ä‘i Ä‘Ã¢u Ä‘c,https://www.tiktok.com/@userz5v8d9od7k?lang=vi-VN
Trung Äá»©c ğŸ™†ğŸ¼â€â™‚ï¸,Cá»§a cÃ¡c bÃ¡c táº¥tğŸ˜‚,https://www.tiktok.com/@tran_vo_duc_nhat?lang=vi-VN
HÃ€NG A THÃNG,á»§a quáº§n xá»‹n váº­yğŸ˜‚,https://www.tiktok.com/@athang11125?lang=vi-VN
ğªğ®ğ¨ğœ ğğ®ğ² ğ“…ƒ,rep em idol,https://www.tiktok.com/@quocduy870?lang=vi-VN
ğ™‚ğ™ğ™§ğ™¡ğŸ‡¨ğŸ‡³ğŸ¶,Ä‘á»«ng nÃ³i idol ngáº¡i náº¯mğŸ˜‚,https://www.tiktok.com/@sondtr1010?lang=vi-VN
XuÃ¢n Äá»©c663,ghÃ©p Ã ,https://www.tiktok.com/@dypc02qydzyd?lang=vi-VN
ğ™‚ğ™ğ™§ğ™¡ğŸ‡¨ğŸ‡³ğŸ¶,edit nhÃ© k ghÃ©p Ä‘Ã¢i,https://www.tiktok.com/@sondtr1010?lang=vi-VN
Ä-H- Giang,xin vÃ­a chÃ¢n thon vÃ  dÃ i áº¡,https://www.tiktok.com/@danghagiang8?lang=vi-VN
Ù‡ÃcğŸ‘¹Quá»·ğŸ‘¹SayÙ‡,"cÃ³a cháº¿t kao cÅ©ng nÃ³i lÃ  1 ngÆ°á»i,thÃ´i,kao kg tin vÃ o gÃ¡i Ä‘áº¹p ná»¯a Ä‘Ã¢uğŸ˜‚ğŸ˜‚ğŸ˜‚ğŸ˜‚",https://www.tiktok.com/@365say365?lang=vi-VN
âšœğ’‰ğ’•ğ’‰ğ’–ğ’ğ’ğ’ˆâšœ,á»“ anhh Ä‘tr quÃ¡ cho e xin ngiu anh nhÃ© :3333,https://www.tiktok.com/@phanthithuong_?lang=vi-VN
user2421325687495,Jimmie báº£n premium ğŸ˜‚,https://www.tiktok.com/@user2421325687495?lang=vi-VN
ã€Ğ½É´ã€SÃ³i .ãƒ ,@_n.tzran06_ Ä‘Ãºng gu bn nÃ y,https://www.tiktok.com/@useruxz8ymq2nl?lang=vi-VN
@lth,2 ngÆ°á»i nha,https://www.tiktok.com/@05lth_?lang=vi-VN
anhduc1123272,ngáº§u vÃ£i Ã² ğŸ¥°ğŸ¥°,https://www.tiktok.com/@anhduc1123272?lang=vi-VN
lÃªn xu hÆ°á»›ng Ä‘á»•i tÃªn,chÃ¡y luÃ´n,https://www.tiktok.com/@showpai05?lang=vi-VN
Tuáº¥n MaFiAğŸ¢ğŸ˜³,Khoan Dá»«ng Khoáº£ng chá»«ng LÃ ....,https://www.tiktok.com/@pdanhtuan?lang=vi-VN
TrÆ°Æ¡ng Phi SÆ¡n ğŸŒ‹,Má»™t ngÆ°á»i nha ae,https://www.tiktok.com/@phison201?lang=vi-VN
thiá»‡n bá»‹ flop,@nqlhoa123 láº¡i báº£o ko giá»‘ng mÃ y Ä‘i,https://www.tiktok.com/@trithien1234545?lang=vi-VN
BÃ­ch TrÆ°Æ¡ng 2005,@_q.dzuong08_ xinh vÃ£i,https://www.tiktok.com/@tnb1392005?lang=vi-VN
DÆ°Æ¡ng Gia Vinh,á»§a ğŸ˜¬ğŸ˜¬ğŸ˜¬ğŸ˜¬,https://www.tiktok.com/@duonggiavinh?lang=vi-VN
tÆ°á»£ng,bÃ¬nh tÄ©nh lÃ  Ä‘á»“ng Ä‘á»™i lÃ  Ä‘á»“ng Ä‘á»™i ğŸ˜µâ€ğŸ’«,https://www.tiktok.com/@tuanl2009l?lang=vi-VN
Yi HuangğŸ§Ÿâ€â™‚ï¸,BÃ¬nh tÄ©nh bÃ¬nh tÄ©nh khÃ´ng vá»™iğŸ˜³ğŸ˜¬,https://www.tiktok.com/@white_yi?lang=vi-VN
CapCut Æ¡i Ä‘á»«ng lá»—i máº¡ng ná»¯a ğŸ˜©,Ä‘Ãºng chá»— Ä‘áº¥y ngoii nhÃ  áº¥y,https://www.tiktok.com/@zubac25?lang=vi-VN
p,quÃ¡ Ä‘á»§ r:)))),https://www.tiktok.com/@hpdaubkthidoiidnhamng?lang=vi-VN
Äá»— Huy PhÆ°á»›c,1 ng Ã¡ máº¥y ba,https://www.tiktok.com/@dhp.04?lang=vi-VN
â€¢ThÃ´ng å¤§é˜ª ğŸ˜— â›“ï¸,Anh chÃ ng Ä‘áº¹p gÃ¡i ğŸ˜‚,https://www.tiktok.com/@jinxx_kawai?lang=vi-VN
Quá»‘c Chill,lÃ  sao T =)))),https://www.tiktok.com/@quoc_chill126?lang=vi-VN
Ngá»c Quyáº¿t,Ä‘á»“ng Ä‘á»™iğŸ‘,https://www.tiktok.com/@ngocquyet01?lang=vi-VN
Pháº¡m Nam7543,vÃ£i Ã²oo,https://www.tiktok.com/@userqct2vufmp5?lang=vi-VN
â—¦Äáº¡tâ€¢YangHá»“.â´â·,KhÃ¡c MÃ ,https://www.tiktok.com/@lequocdat160697?lang=vi-VN
HoÃ ng Tá»­ MÆ°a,hoa cáº£ máº¯tğŸ˜‚ğŸ˜‚ğŸ˜‚,https://www.tiktok.com/@kenlquang2k?lang=vi-VN
Ná»‹t,ko rÃµ nhÆ°ng xinhğŸ˜,https://www.tiktok.com/@hongyi00?lang=vi-VN
idol,Ä‘á»“ng Ä‘á»™i Ä‘Ã³ ae bÄ©nh tÄ©nh ğŸ˜‚ğŸ˜‚,https://www.tiktok.com/@tuoitretaicao49?lang=vi-VN
Pháº¡m VÄƒn Lá»™c,Ã¡,https://www.tiktok.com/@pvl625?lang=vi-VN
NÄƒm MÆ°á»i Hai Blue,@p.hzphuong áº£o ma.. ğŸ˜‚,https://www.tiktok.com/@52blue_remix?lang=vi-VN
BÃ© Tháº£o,ğŸ˜‚ğŸ˜‚ğŸ˜‚Ã´i,https://www.tiktok.com/@bethao0375?lang=vi-VN
NgÃ´ Mixi âš”ï¸,NhÃ¬n mÃ¡ lÃ  bt,https://www.tiktok.com/@_triuz.08?lang=vi-VN
ngá»c long,chiá»u cao khÃ¡c nhau mÃ  ğŸ˜‚,https://www.tiktok.com/@ngoclong1_?lang=vi-VN
KhinaÌ€ocoÌnythiÌ€Ä‘Ã´Ì‰itÃªn ğŸ¤¡,váº» Ä‘eÌ£p phi giÆ¡Ìi tiÌnh ğŸ˜³,https://www.tiktok.com/@muoinek166?lang=vi-VN
LÃª VÄƒn Thá»±c,@yanghomang135 hai ngÆ°á»i lÃ¢y muá»™iğŸ˜‚,https://www.tiktok.com/@vanthuc_19?lang=vi-VN
Chugiahieu,ai cÃ³ link quáº§n báº¡n nam mÃ¬nh xin vá»›i,https://www.tiktok.com/@giahieu20112000?lang=vi-VN
KhÃ¡nnh Linh,1 ng Ä‘Ã³ ae nhÃ¬n lÃ´ng mÃ y tai vá»›i mÅ©i Ä‘i:)),https://www.tiktok.com/@khanhlinh.019_?lang=vi-VN
Yeu em dai kho,"ai Ä‘Æ°a tÃ´i vá» sao há»a cÃ¡i , trÃ¡i Ä‘áº¥t giá» nguy hiá»ƒm quÃ¡",https://www.tiktok.com/@yeuemdaikho1?lang=vi-VN
Äáº£m,nghÄ© coi tok tok luÃ´n,https://www.tiktok.com/@congdam2000?lang=vi-VN
Nguyá»…n Trung,nhÃ¬n chiá»u cao lÃ  biáº¿t mÃ  ğŸ˜Œ,https://www.tiktok.com/@nguyen_trung2_?lang=vi-VN
Háº­u (Hparfum) NÆ°á»›c HoağŸ’§,Ä‘á»“ng Ä‘á»™i chiáº¿n tháº¿ğŸ¥°,https://www.tiktok.com/@hauhparfum?lang=vi-VN
Thá»‹nh Davil,"gu tui ae trÃ¡nh ra
nhÆ°ng pháº£i lÃ  girl nha ğŸ˜‚",https://www.tiktok.com/@thinhdavil1999?lang=vi-VN
cá»,cÃ¡i quay trÃªn tay lÃ  j váº­y mn chá»‰ giÃºp vá»›i ğŸ™ğŸ™ğŸ™,https://www.tiktok.com/@thao441214?lang=vi-VN
DÆ°Æ¡ng Thanh HoÃ ng,Ko pháº£i 1 ng Ä‘Ã¢u,https://www.tiktok.com/@minhlahoangnha?lang=vi-VN
â˜…å½¡ ğ•ğ•šÃ ğ•  â„ğ•¦Äƒğ•Ÿ å½¡â˜…,"2 cj em nha mn , Ã´ng kia hÃ¬nh nhÆ° cÃ³ rÄƒng khá»ƒnh thÃ¬ pháº£i",https://www.tiktok.com/@ruanmingxiao2k?lang=vi-VN
CÆ°á»ng BMT,tuá»•i thÆ¡ cáº¯t trai nÆ°á»›c chs hoÃ i,https://www.tiktok.com/@user6032322495267?lang=vi-VN
háº£o hÃ¡n,t báº¯t Ä‘Ã u tháº¥y máº¥t liá»m tin vÃ o cs,https://www.tiktok.com/@dyahwgnh8rnl?lang=vi-VN
solitary,khÃ¡c nhau mÃ  2 ngÆ°á»i Ä‘Ã³,https://www.tiktok.com/@lion24.4?lang=vi-VN
TrÆ°Æ¡ngTuáº¥nKhang âœ”ï¸,bÃ i há»c lÃ  trÃªn Ä‘á»i nÃ y Ä‘á»«ng tin bá»‘ con tháº±ng nÃ o,https://www.tiktok.com/@ttkkhang?lang=vi-VN
Báº¯c ğŸ‡»ğŸ‡³_ğŸ‡¹ğŸ‡¼,Ä‘Ã¹a t Ã ,https://www.tiktok.com/@bac38ka?lang=vi-VN
ğ™‚ğ™ğ™§ğ™¡ğŸ‡¨ğŸ‡³ğŸ¶,ğŸ˜‚,https://www.tiktok.com/@sondtr1010?lang=vi-VN
VÅ© VÄƒn Háº£iğŸ’‹,khÃ¡c rÄƒngğŸ˜‚ğŸ˜‚,https://www.tiktok.com/@vv_hai2k1?lang=vi-VN
sá»£ vá»£ lÃ  Ä‘am mÃª,khÃ¡c nhau hoÃ n toÃ n,https://www.tiktok.com/@anhtai19951?lang=vi-VN
LÃ² Thá»‹ Giang,á»¦a alo,https://www.tiktok.com/@giangxinh_2003?lang=vi-VN
Äá»— Thá»‹ Anh Trangâ¤,Ãªu ui mÃª vÃ£iğŸ˜³,https://www.tiktok.com/@cheangg_cheangg?lang=vi-VN
ğŸŒ´Trá»ngNhÃ¢nğŸŒ´,thÃ¬ lÃ  2 ngÆ°á»i,https://www.tiktok.com/@nhan8x71?lang=vi-VN
dan12345321,Ä‘Ã£ váº­y thÃ¬ em yÃªu chá»‹,https://www.tiktok.com/@dan12345321?lang=vi-VN
T.lanğŸ’“,quáº¡t kia mua Ä‘Ã¢u váº­y :)),https://www.tiktok.com/@girlhaimaidellyeuanh?lang=vi-VN
Viá»‡t Ä‘Ä‘ğŸ–¤,2 ngÆ°á»i. nhÃ¬n khoáº£ng cÃ¡ch 2 vai lÃ  bt,https://www.tiktok.com/@vietk3.ddviet?lang=vi-VN
kiÃªn^sá»£ ny,"cÃ³ má»—i cÃ¡i nháº¡c lÃ  hayy Ã  :)) ğŸ˜‚
lÃªn ai cho name nha ik",https://www.tiktok.com/@kiensas?lang=vi-VN
ğ»Æ°á»›ğ“ƒğ‘” ğ’·ğ’¾ğ’¾ğŸ‘‘,thay ngÆ°á»i Ã :)?,https://www.tiktok.com/@nhz_200000?lang=vi-VN
Háº£i Nam,2 ngÆ°á»i cÃ¡nh tay ko giá»‘ng nhau ae ko pháº£i lo ná»¯ağŸ˜,https://www.tiktok.com/@hainam6820072?lang=vi-VN
Hiáº¿u sadboyğŸ˜‰,Ä‘á»ƒ Ã½ ká»¹ rÄƒng sáº½ tháº¥y,https://www.tiktok.com/@fbhieublack2?lang=vi-VN
yáº¿n98ğŸ¤—,tá»« dá»«ng khoáº£ng vÃ i giÃ¢y ğŸ˜³ğŸ¤”ğŸ§,https://www.tiktok.com/@userfa5z2f7c8i?lang=vi-VN
Phong_,Haizz láº§n sau Ä‘i lm quen vs gÃ¡i lÃ  phk xem cÃ¡i chá»©ng minh dÃ¢n nhÃ© ğŸ˜‚,https://www.tiktok.com/@phong________0?lang=vi-VN
Cá»§ láº¡c,Dá»«ng láº¡i ngay!!! Äá»“ng Ä‘á»™i Ä‘áº¥y aeğŸ˜‚,https://www.tiktok.com/@son_soo?lang=vi-VN
Thá»§yğŸ”â—ï¸â—ï¸â—ï¸,H kiá»ƒu j Ã½,https://www.tiktok.com/@thuy_12_11?lang=vi-VN
HoÃ ng Ä‘Ã´ng,Má»™t lá»©a má»™t ğŸ˜‚,https://www.tiktok.com/@uer9qlu68?lang=vi-VN
Nguyá»…n Tiáº¿n DÅ©n21440,Ã². kÃ¬a cÃ¡c Ä‘áº¡o sÄ© Ä‘Ã¢u r ğŸ˜‚,https://www.tiktok.com/@user4p35j2yjki?lang=vi-VN
ÄÆ°á»£c 1k fl Ä‘á»•i tÃªn-.-,Anh Ä‘áº§u tiÃªn quen,https://www.tiktok.com/@216_baoanh?lang=vi-VN
ğŸ´Jino AnhğŸ¤´ğŸ¤´ğŸ¦“,khoan khoan.......ko thá»ƒ nÃ o ğŸ˜³ğŸ˜³,https://www.tiktok.com/@jinoanh?lang=vi-VN
@Ká»© fan.. CÆ°á»ng ğŸ¤”,Ä‘ug gu cua tğŸ˜‚ğŸ˜‚ğŸ˜‚,https://www.tiktok.com/@kuw.jk.ht?lang=vi-VN
ÄÃ o VÄƒn CÆ°á»ng,KhÃ¡c nhau váº­y mÃ  ğŸ˜³ğŸ˜³,https://www.tiktok.com/@vancuong600?lang=vi-VN
Gia HÄƒnğŸ¥‘,á»¤a tao cÃ³ nhÃ¬n nháº§m 0,https://www.tiktok.com/@handayy1202?lang=vi-VN
Chieens,GÃŒ Váº¬Y ANH ZAIIIIIIIIIIII,https://www.tiktok.com/@chien_2o?lang=vi-VN
Henryle5098,á»¦a á»§a cÃ³ gÃ¬ sai sai,https://www.tiktok.com/@qho998?lang=vi-VN
háº£o lÃª,"ny á»•ng mÃ  ,máº¥y ng ns j váº­y",https://www.tiktok.com/@thuhao24620?lang=vi-VN
Fb LÃª Má»¥nnğŸ¦‹,xik zi trá»i,https://www.tiktok.com/@l.thith37?lang=vi-VN
realmeVN,áº£o tháº­t Ä‘áº¥y,https://www.tiktok.com/@realmezh?lang=vi-VN
Nguyá»…n Van Anh149,nhÃ¬n cÃ¡i cá»• lÃ  bt,https://www.tiktok.com/@nguyenthinhuy15102013?lang=vi-VN
Vanphuc Lo29,phÃ¡p sÆ° trung hoa ğŸ˜‚ğŸ˜‚ğŸ˜‚ğŸ˜‚,https://www.tiktok.com/@vanphuclo29?lang=vi-VN
kiÃªu xi nÃ´ ğŸŒˆğŸ€ğŸŒˆ,Ã´i dá»“i Ã´i cÆ°á»i Ä‘áº¹p tháº¿ ğŸ˜‚,https://www.tiktok.com/@user40lmg9n4fq?lang=vi-VN
duong,xin link mua quáº§n,https://www.tiktok.com/@duong28085?lang=vi-VN
NHT-MÃ¨oğŸˆ,KhÃ¡c má»—i cÃ¡i cá»•,https://www.tiktok.com/@huutai11.6.202?lang=vi-VN
@QUANG ANH â€¢,ma gÃªm minhğŸ˜‚,https://www.tiktok.com/@phamquanganh_08?lang=vi-VN
uuwuwuw,á»§a mÃ  khoannnğŸ˜‚,https://www.tiktok.com/@hahdhxhdhdy?lang=vi-VN
nak,phÃ©p thuáº­t win,https://www.tiktok.com/@thich123lumgaixinh?lang=vi-VN
Báº¯p ğŸ,á»¤a á»¥a gÃ¬ dáº¡ gÃ¬ dáº¡ğŸ˜³,https://www.tiktok.com/@hoangnghi056?lang=vi-VN
HÆ°ng Sad ğŸŒ¦ğŸ¥€,ZÃ¬ z mÃ¡z ğŸ˜«,https://www.tiktok.com/@hung_01200?lang=vi-VN
âœ¿NÍšGÍšá»CÍšâœ¿ğŸ¤,@zuo_hang056 eoo Ã´i cÃ¡i quáº§n,https://www.tiktok.com/@minh_ngoc4_8?lang=vi-VN
ğ•¿ğ–—ğ–†ğ–“ğ–Œ ğ•¬ğ–“ğ–ğŸ¦‹ğŸ‡»ğŸ‡³ğŸ‡¹ğŸ‡¼,NhÃ¬n cá»• thÃ¬ cháº¯c lÃ  1 ng,https://www.tiktok.com/@_iam_tranganh_?lang=vi-VN
Tao lÃ  tao:)),Hoang mang tá»™t Ä‘á»™,https://www.tiktok.com/@taolatao31?lang=vi-VN
tá»± dÆ°ng thÃ¬ bá»‹ flopğŸ˜­,cÃ¡c Ä‘á»“ng chÃ­ cáº©n tháº­nğŸ˜…,https://www.tiktok.com/@phuonghaxxx9?lang=vi-VN
Â©na@na'â¤,giáº£ gÃ¡i xik thtğŸ˜‚,https://www.tiktok.com/@nn025_?lang=vi-VN
Nguyá»…n Kim TÆ¡n,Æ  kÃ¬a. Äá»“ng chÃ­ ğŸ˜‚ğŸ˜‚,https://www.tiktok.com/@tonnato1?lang=vi-VN
áµ›á¶°ã‚·Táº¥á‘á‘­á•¼Ã¡Tâ€á¶¦áµˆáµ’á¶«,tháº¿ giá»›i tháº­t Ä‘Ã¡ng sá»£ ğŸ˜±ğŸ˜±,https://www.tiktok.com/@_tanphat_36?lang=vi-VN
llay â™¡ taeiu ğŸ˜¼,Ä‘á»«ng Ä‘Ã¹a ae toyğŸ¤§,https://www.tiktok.com/@llay_taeiu?lang=vi-VN
É´áº¥Ğ¼äº—â€,CÆ°á»i xink quazzğŸ˜³,https://www.tiktok.com/@nguyenyeuai2?lang=vi-VN
Fb: Äá»©c Thuáº­n(DT),"áº¢o giÃ¡c, áº£o giÃ¡c thoi =))",https://www.tiktok.com/@_thuan00?lang=vi-VN
hiii,thá»§ lÄ©nh tháº» bÃ i,https://www.tiktok.com/@ttnt.a?lang=vi-VN
Nguyá»…n Trung2203,CÃ¡i cáº±m :)),https://www.tiktok.com/@usermzkvmprakl?lang=vi-VN
hoangnguyen12,áº¢o tháº­t. Giá»‘ng láº¯m ğŸ˜‚,https://www.tiktok.com/@hoangnguyen10390?lang=vi-VN
ğ“•ğ“« : ğ“‘áº£ğ“¸ ğ“ğ“¸ğ“«ğ“µğ“® ğŸ”,2 ng Ä‘Ã³ nhÃ¬n vai,https://www.tiktok.com/@_k.im_yen_2.4?lang=vi-VN
userf72wavvz1k,? á»§a lÃº con máº¯t,https://www.tiktok.com/@daxoa742?lang=vi-VN
ngthang2712,tÃ­ thÃ¬ t rá»›t Ä‘t ğŸ˜³,https://www.tiktok.com/@ngthang2712?lang=vi-VN
ğŸ¬T.HÆ°Æ¡ng plusssğŸ¬,nhÃ¬n hai ng Ä‘Ã³ nÃ³ sao sao Ã¡ğŸ˜…ğŸ˜…,https://www.tiktok.com/@mevario_do_kieng?lang=vi-VN
?,ma gen minh ğŸ˜‚,https://www.tiktok.com/@dongdong6318?lang=vi-VN
Ã‡Ã¸Ã± Ã‘Ä§Ã  Ã‘gÄ§Ã¨Ã¸,thua ğŸ˜Œ,https://www.tiktok.com/@best.zed?lang=vi-VN
BÃ n VÄƒn ThÃ¢n âœˆï¸,cÃ¡i avata ğŸ˜³,https://www.tiktok.com/@acvmusik2004?lang=vi-VN
"Äá»©c Hiáº¿u 2""""""6",á»¦a,https://www.tiktok.com/@userx58s24pdes?lang=vi-VN
tiá»ƒu mÃ¨o,chá»‹ Ä‘áº¹p quÃ¡ ğŸ˜Œ,https://www.tiktok.com/@boyz2k28?lang=vi-VN
phantho900,áº¢o tháº­t Ä‘áº¥y ğŸ˜³ğŸ˜³,https://www.tiktok.com/@phantho900?lang=vi-VN
Î² Ã© Òº Ã ,cÃ¡i Ä‘áº¥y mua á»Ÿ Ä‘Ã¢u,https://www.tiktok.com/@beha625?lang=vi-VN
LÃª NhÃ¢n,xoÃ¡ game....nghá»‰ dáº¹p,https://www.tiktok.com/@user6cfz2m7yqa?lang=vi-VN
Thanh Nguyá»…nğŸ‡»ğŸ‡³âœˆï¸,Ui vÃ£iğŸ¥²,https://www.tiktok.com/@thanhnguyen300906?lang=vi-VN
VÄƒn Tiá»‡pâ™ ï¸,VÃ£i Ã²,https://www.tiktok.com/@vt240405?lang=vi-VN
sÃ³i channel,ai Ä‘Ã³ nÃ³i vs tui lÃ  ngÆ°á»i khÃ¡c nhau Ä‘i ğŸ¥º,https://www.tiktok.com/@.cuongsoi?lang=vi-VN
Ä‘á»«ng cÃ³ cÃ£i,cÃ¹ng chiá»u cao mÃ  sao 2 ng z,https://www.tiktok.com/@hm3ji?lang=vi-VN
à¼ºpandaà¼»ã‹°,lÃ  tháº» bÃ i cá»§a Sakura Ä‘k zğŸ˜…,https://www.tiktok.com/@mon_.bae?lang=vi-VN
VÅ© BiÃªn,NhÆ°ng mÃ  xinh vÃ£i Ã²,https://www.tiktok.com/@bienn1005?lang=vi-VN
phimhay,Ä‘á»©a trai cao hÆ¡n Ä‘á»©a thá»© 2 mÃ ,https://www.tiktok.com/@thdhdjejek?lang=vi-VN
TÆ°á»£ng xá»‹t :))),cÃ¡i cáº§m tay lÃ  cgi tháº¿,https://www.tiktok.com/@ducidol_213207?lang=vi-VN
Ná»™c Ná»™c,2 chá»‹ em,https://www.tiktok.com/@chiloctv?lang=vi-VN
thuáº­n trÃ³ Ä‘iÃªn ğŸ˜…,á»§a cÃ¡i quáº§n ğŸ˜³ğŸ˜³,https://www.tiktok.com/@dymdnowoy7sh?lang=vi-VN
trai 79 ï¥±ğŸ¥°ğŸ¥°,cÃ¡i quáº§n Ä‘áº¹p vÃ£iğŸ˜‚ğŸ˜‚ğŸ˜‚,https://www.tiktok.com/@agkha_duong5?lang=vi-VN
huyyyyy,2 ngÆ°á»i láº­n tay chá»‹ thon hÆ¡n Ã´ng kia nhÃ¬u,https://www.tiktok.com/@mapdit.h?lang=vi-VN
Nam ğŸ‘¾,TÃ´i tin Ä‘Ã³ chá»‰ lÃ  em gÃ¡i Ã´ng kia thÃ´i ğŸ¥°,https://www.tiktok.com/@ngocnam909?lang=vi-VN
ALICE CHÃ“I SÃNG,cÃ¡i nÃ y lÃ  j,https://www.tiktok.com/@ray_haku?lang=vi-VN
Lá»£i ...! HiTaChiâ˜£ï¸,thÃ¬ ra há»Ÿm nay bá»‹ lá»«a ğŸ˜‚,https://www.tiktok.com/@tranphat03789?lang=vi-VN
VÄƒn Trung,chá»i mÃ¡ Ä‘á»“ng Ä‘á»™i xinh pháº¿t,https://www.tiktok.com/@vantrung0501?lang=vi-VN
thuáº­n Biker @,á»§a á»§a ğŸ˜³,https://www.tiktok.com/@thuanbikerk2?lang=vi-VN
gá»i tÃ´i lÃ  bow bow cmt dáº¡o,trap boy Ä‘Ã¢y shao :),https://www.tiktok.com/@dinhngoc_phuoc_sang?lang=vi-VN
NGUYá»„N HOÃ€NG DUY LONG,@Anh Mai nÃ¨ Ä‘Ãºcvs em,https://www.tiktok.com/@duylongzyz?lang=vi-VN
FBI open the door,cá»§a t,https://www.tiktok.com/@ldsi2285568934ggjy?lang=vi-VN
@sÃ¡t thá»§ Ä‘a tÃ¬nh,DÃ£ man,https://www.tiktok.com/@trieuminh289?lang=vi-VN
TÆ°á»ng áº£o tÆ°á»Ÿng,@hat590 anh lÃ m thá»­ xem ğŸ˜‚ğŸ¥°,https://www.tiktok.com/@fufiiririci?lang=vi-VN
@$#â˜…QUANGÂ²kâ™ª6?,tháº¿ Ã ,https://www.tiktok.com/@quangmo972?lang=vi-VN
å·¦èˆª,Ä‘c pháº¿t,https://www.tiktok.com/@wwtahang_fanvn_tieuhang?lang=vi-VN
ğŸ”° Äáº¡i ğŸ”°,@ngoc83_12 @thanh_ngoc830 giá»‘ng zá»‹ ğŸ˜‚,https://www.tiktok.com/@trandai83soctrang?lang=vi-VN
ğŸ”° Äáº¡i ğŸ”°,@ngoc83_12 @thanh_ngoc830 hÆ¡i bá»‹ giá»‘ng nha ğŸ˜‚ğŸ˜‚,https://www.tiktok.com/@trandai83soctrang?lang=vi-VN
nghia05,Chá»‹ em Ã  ğŸ˜‚,https://www.tiktok.com/@nghia0555?lang=vi-VN
user8166831046060,2 ng nha,https://www.tiktok.com/@ndpbinhdinh?lang=vi-VN
Há»£p Há»“,Ä‘áº¹p dá»¯ğŸ˜³,https://www.tiktok.com/@hovanhop1?lang=vi-VN
Háº­u phÆ°Æ¡ng cá»§a ThÃ nh â¤ï¸,@yenyeuhoang201203 á»§a gÃ¬ dá»ğŸ˜³,https://www.tiktok.com/@linhthanh002003?lang=vi-VN
anhsociuem,tháº­ttğŸ˜³,https://www.tiktok.com/@mmp567?lang=vi-VN
Ä‘á»‹nh tráº§m tÃ¡nh â˜•â˜•â˜•,chÃ o Ä‘á»“ng chÃ­ ğŸ˜,https://www.tiktok.com/@dinhnopro8112007?lang=vi-VN
Q.Tráº¡ng vtvPKL,Ä‘á»“ng chÃ­ğŸ˜³,https://www.tiktok.com/@quoctrang.1234?lang=vi-VN
ğŸ‰WK-WinzğŸ”ğŸ¥µ,lÃ  cÃ¹ng 1 ng,https://www.tiktok.com/@lynk_l06?lang=vi-VN
Nguyá»…n Tuáº¥n VÅ©007,á»¦a,https://www.tiktok.com/@vutaplamsatboii_17?lang=vi-VN
bao giá» xinhdep thÃ¬ Ä‘á»•i tÃªnğŸ˜¿âœ¨,1ngÆ°á»i,https://www.tiktok.com/@z0189?lang=vi-VN
smileâš¡ğŸ’,2nguoiğŸ˜,https://www.tiktok.com/@fan_abp678?lang=vi-VN
flopp=)),= nhau:),https://www.tiktok.com/@hamee_207?lang=vi-VN
@bgá»c âœ¨,@_baoz.quinz_ xinh,https://www.tiktok.com/@bae_bichngoc?lang=vi-VN
sos,2 ngÆ°á»i mÃ ,https://www.tiktok.com/@dyoray4steg1?lang=vi-VN
Fan THIÃŠN Tá»ˆâ˜˜ï¸â˜˜ï¸â¤ï¸â¤ï¸,xinh záº­yğŸ˜³,https://www.tiktok.com/@lotuongtuaimatroi?lang=vi-VN
NhÃ¢n Gáº§yğŸ˜—,á»§a ğŸ˜³,https://www.tiktok.com/@ndinh_205?lang=vi-VN
Trai há» Ä‘Ã oğŸ¥°ğŸ¥°ğŸ¥°,cháº¯c k pháº£i 1 ng Ä‘Ã¢u ğŸ˜,https://www.tiktok.com/@12081997dvm?lang=vi-VN
è‡ªç”±,CÃ³ inf4ko,https://www.tiktok.com/@kanashimi08?lang=vi-VN
Newâ€¢ä¸–ç•Œâ€¢,Sinh Ä‘Ã´i Ä‘áº¥y.,https://www.tiktok.com/@new_worl?lang=vi-VN
thangnguyen12033,vÃ£i ğŸ˜,https://www.tiktok.com/@thangnguyen12033?lang=vi-VN
Äá»— XuÃ¢n ThÃ nh,Xin id Ä‘i báº¡n,https://www.tiktok.com/@dothanh716?lang=vi-VN
Vá»¹ ğŸŒª,á»¦a,https://www.tiktok.com/@phamvy249205?lang=vi-VN
chiáº¿c embe tiÃªu cá»±c :)),omg luÃ´n Ã¡,https://www.tiktok.com/@iubreyyy_376?lang=vi-VN
TÃº Nguyá»…nğŸ™ˆ,chÃ o Ä‘á»“ng chÃ­ ğŸ˜,https://www.tiktok.com/@nngoc_ttu?lang=vi-VN
çŸ®ç´™ä¸å«Œæ£„æ‹”æ‹”ï½â„(â„ â„ â„Ï‰â„ â„ â„)â„,é€™æ˜¯åŒä¸€å€‹äººå—ï¼ŸğŸ˜‚ğŸ˜‚ğŸ˜‚,https://www.tiktok.com/@980318s0222?lang=vi-VN
ğŸ…™ğŸ…ğŸ…’ğŸ…š â·â“¿ğŸ…’ğŸ…œ,QQ,https://www.tiktok.com/@fbxvutuan?lang=vi-VN
Náº¥m Â¹m55,omaigot ğŸ˜¯wowğŸ˜¯,https://www.tiktok.com/@phucyeuem208?lang=vi-VN
CC_200?,à¹€à¸­à¸²à¸«à¸±à¸§à¹ƒà¸ˆà¸—à¸µà¹ˆà¸à¸”à¹„à¸› à¸„à¸·à¸™à¸¡à¸²â€¦,https://www.tiktok.com/@chan_4.11.200?lang=vi-VN
à¸¡à¸™à¸¸à¸” à¸«à¸¡à¸µğŸ‡¨ğŸ‡·ğŸ‡¹ğŸ‡¼,à¸­à¹‰à¸²à¸¢à¸šà¹ˆà¸­à¸¢à¸²à¸à¹€à¸Šà¸·à¹ˆà¸­à¸ªà¸²à¸¢à¸•à¸²ğŸ¥°ğŸ¥°,https://www.tiktok.com/@torsaykup?lang=vi-VN
xuÃ¢n(ì‚¬ë‘),æ€éº¼äº†ï¼Ÿ,https://www.tiktok.com/@xuan_887?lang=vi-VN
Baz. é ‚å‘±å‘±ğŸ¤­,å¼µå…¸ï½,https://www.tiktok.com/@joesc_1030?lang=vi-VN
ç„¡ç·£äººåŠ«,æ˜¯å…„å¦¹å—ï¼Ÿ,https://www.tiktok.com/@tycy6b8?lang=vi-VN
Biwe,@torm62 @saiyovs à¹‚à¸¥à¸à¸¡à¸±à¸™à¸­à¸¢à¸¹à¹ˆà¸­à¸¢à¸²à¸,https://www.tiktok.com/@biwe.555?lang=vi-VN
Madara Uchicha40,á€„á€«á€·á€œá€®á€¸ á€„á€«á€· EX á€€á€¼á€®á€¸á€”á€²á€·á€á€°á€”á€±á€•á€«á€œá€¬á€¸,https://www.tiktok.com/@madarauchicha40?lang=vi-VN
kaemkook,à¸œà¸¡à¸ˆà¸°à¹€à¸­à¸²à¸„à¸™à¸™à¸µà¹‰à¸œà¸¡à¸ˆà¸°à¹€à¸­à¸²à¸„à¸™à¸™à¸µà¹‰ğŸ˜‚ğŸ˜‚ğŸ˜‚ğŸ˜‚ğŸ˜‚ğŸ˜‚,https://www.tiktok.com/@dynfxx78w6keam?lang=vi-VN
Ná» Tá» Cá»957,ma gaming :)),https://www.tiktok.com/@ntc2732007?lang=vi-VN
Hoa Tuyáº¿t,vc,https://www.tiktok.com/@kaizlr?lang=vi-VN
ğŸŒ¼CuongOpin(Sad)ğŸŒ¹ğŸŒ¹,magaming,https://www.tiktok.com/@cuongopinsad?lang=vi-VN
BÃ¹i Khang,ma gaming Ã ,https://www.tiktok.com/@bbuuiikkhhaanngg?lang=vi-VN
ThÆ°Æ¡ng Lá»d â„ï¸,@quando358 Ã”,https://www.tiktok.com/@thuongloli1999?lang=vi-VN
phÆ°Æ¡ng âˆ†,chr,https://www.tiktok.com/@user7093246024828?lang=vi-VN
Hoang Van Truongâš¡ï¸,MÃ¬nh vá»«a nháº­n Ä‘Æ°á»£c tháº» game Garena! Táº£i ngay Cashzine nháº­p mÃ£ 22452135 Ä‘á»ƒ nháº­n Ä‘Æ°á»£c 8000 xu,https://www.tiktok.com/@truzong_06?lang=vi-VN
HoÃ ng Phong Cá»‘c_Lá»‡ Phi VÅ©,Xin Ä‘á»ƒ láº¡i Ä‘Ã¢y 1 tia tháº§n niá»‡mğŸ˜³,https://www.tiktok.com/@tinh_kcngiaolong?lang=vi-VN
Giang nam,Tym video cho mÃ¬nh Ä‘i ğŸ¥º,https://www.tiktok.com/@giangnam1504?lang=vi-VN
ViÃªt anh,sao nhÃ¬n nÃ³ náº¡ tháº¿,https://www.tiktok.com/@.vietanh15?lang=vi-VN
máº¥t táº¥t cáº£,tÃ¹ vÃ£iğŸ˜‚,https://www.tiktok.com/@dyk5tjfdmdx3?lang=vi-VN
tá»‰nh láº¡i Ä‘Ãªee=)),khÃ´ng sao Ä‘á»“ng Ä‘á»™i thÃ¬ cÃ ng hiá»ƒu Ã½ nhau hÆ¡n ğŸ˜‚ dáº§u Äƒn xin tÃ i trá»£ Ä‘Ãªm nayy,https://www.tiktok.com/@tinhdaydi?lang=vi-VN
ğ“ğ®áº¥ğ§ ğ€ğ§ğ¡ ğŸ’«,ğ™–ğ™£ğ™ ğ™¡Ã  ğ™ğ™ªáº¥ğ™£ ğ˜¼ğ™£ğ™ Ä‘á»‰ğ™£ğ™ ğ™£ğ™áº¥ğ™© ğ™˜Ã¡ğ™ ğ™©ğ™ğ™ ğ™©ğ™¤ğ™  ğ™£Ã ğ™®.ğ™Šğ™  ğ™˜ğ™Æ°ğ™– ğŸ˜,https://www.tiktok.com/@tuananh_280207?lang=vi-VN
cáº­u Ba,ko nÃªn tinh vÃ o gÃ¡i tiktok ğŸ˜‚ğŸ˜‚ğŸ˜‚,https://www.tiktok.com/@dyddp4jw9x8z?lang=vi-VN
â™¥ï¸â™¦ï¸â™£ï¸â™ ï¸ğŸ‡»ğŸ‡³,cháº¯c Ä‘á»™n thá»• quÃ¡,https://www.tiktok.com/@280959077a?lang=vi-VN
Huy Khá»ğŸ™ğŸ‘,bá»§h,https://www.tiktok.com/@see_tinh7749?lang=vi-VN
khi nÃ o hoÃ¡ Ä‘Æ°á»£c 8 ?ğŸ§ ,vch,https://www.tiktok.com/@learningandplaying4?lang=vi-VN
Nguyá»…n ThÃ nh Long,UltrğŸ˜‚ğŸ˜‚ğŸ˜‚,https://www.tiktok.com/@longnguyenbg031802?lang=vi-VN
Nguyá»…n NghÄ©a,@ngcnh_248 mi lÃ  trai hay gÃ¡i,https://www.tiktok.com/@nghiapro1472005?lang=vi-VN
ğ™‚ğ™ğ™§ğ™¡ğŸ‡¨ğŸ‡³ğŸ¶,GÃ¡i máº±ğŸ¥º,https://www.tiktok.com/@sondtr1010?lang=vi-VN
Long Ids,Æ¡ ko phÃ¢n biá»‡t Ä‘Æ°á»£c nÄƒm hay ná»¯ rá»“i [cry],https://www.tiktok.com/@longids?lang=vi-VN
La LÃ´708,Anh nghÄ© em giá»‘ng nhÆ° thi giá»‘ng nhÆ° cÃ¡i b Em tháº¥y hÃ´m qua bğŸ˜‚ğŸ˜‚,https://www.tiktok.com/@getgas4?lang=vi-VN
user5781611225629,nhÃ¬n rÄƒng lÃ  biáº¿t,https://www.tiktok.com/@gianguyen626?lang=vi-VN
Kháº¯c Cá»­u MÃ´n,áº£nh bá»‹ bá»‡nh cÃ²i xÆ°Æ¡ng ğŸ˜‚ğŸ˜‚ğŸ˜‚,https://www.tiktok.com/@khac_cuu_mon?lang=vi-VN
Fb*Duy_Nháº­t,What dÃ² heo áº£o záº­y ğŸ«¥,https://www.tiktok.com/@duynhat1407200?lang=vi-VN
Tik Toker,phÃ¡t hiá»‡n má»›i: biáº¿n thÃ nh con gÃ¡i sáº½ tháº¥p hÆ¡n lÃºc Ä‘áº§u!!ğŸ˜³,https://www.tiktok.com/@dungsensen123?lang=vi-VN
16thg9,nhÃ¬n rÄƒng lÃ  bt r 2 ngÆ°á»iğŸ˜…,https://www.tiktok.com/@dynamor09?lang=vi-VN
NÆ°Æ¡ng bá»‹ flop :_(,rá»“i trai hay gÃ¡i:)),https://www.tiktok.com/@su_15704?lang=vi-VN
ğ™‚ğ™ğ™§ğ™¡ğŸ‡¨ğŸ‡³ğŸ¶,gÃ¡i mÃ  tr,https://www.tiktok.com/@sondtr1010?lang=vi-VN
Tháº¯ng HoÃ ng,Máº·t trÃ²n khÃ¡c . Cá»• k yáº¿t háº§u nhÆ°ng t váº«n hoang mang vÃ¬ cÃ¡i tai ;((,https://www.tiktok.com/@thanghoang902?lang=vi-VN
con gÃ¡i ruá»™t cá»§a ToÃ n Ä‘á»“ Ä‘áº¡c,tao kháº³ng Ä‘á»‹nh Ä‘Ã¢y lÃ  con trai nhÃ¬n bá» vai nhá» nháº¯n Ä‘Ã¢y kÃ¬a ğŸ˜¯,https://www.tiktok.com/@codonlatuiday0?lang=vi-VN
tÆ°á»£ngğŸ¦¸,"máº¯t bÃ  kia to hÆ¡n, mÅ©i bÃ  kia nhá» hÆ¡n",https://www.tiktok.com/@tuongdangcap30?lang=vi-VN
KhoÃ¡nh,cho e há»i quáº§n chá»‹ kia cÃ³ pháº£i quáº§n bluetooth trong huyá»n thoáº¡i khÃ´ng áº¡ğŸ˜‚,https://www.tiktok.com/@kv293246?lang=vi-VN
******,cÃ³ má»™t sá»± ngá» vá»±c khÃ´ng há» nhá» á»Ÿ Ä‘Ã¢y.,https://www.tiktok.com/@12088soituyet?lang=vi-VN
wei.lan3,"Tháº±ng Ä‘áº§u rÄƒng khá»ƒnh, tháº±ng sau thÃ¬ khÃ´ng",https://www.tiktok.com/@wei.lan3?lang=vi-VN
Tráº§n Báº£o Báº£o,tÃ¢m pháº£i tá»‹nh bÃ¬u k Ä‘c cá»©ng cÃ¡i Ã´ng. Ä‘á»“ng Ä‘á»™i Ä‘Ã³ğŸ˜‚,https://www.tiktok.com/@tranbaobao222?lang=vi-VN
FBI sa Ä‘á»a,Ä‘á»™ rá»™ng vai khÃ¡c nhau ae yÃªn tÃ¢mğŸ˜…,https://www.tiktok.com/@followsaptikt0k?lang=vi-VN
á´¾á´¿á´¼ã‚·ğŸ…†ğŸ„°ğŸ…â˜¥ğŸ…ƒğŸ„·ğŸ…„ğŸ„½ğŸ„³ğŸ„´ğŸ…áµ›á¶°ã‚·,ÄÃ¢y lÃ  Ä‘á»“ng loáº¡i chÃºng ta,https://www.tiktok.com/@sniper2k6?lang=vi-VN
ÃÃ´ Hoai Nam,"hai ngÆ°á»i nhÃ¬n tay Ä‘i , con trai gáº§y sáº½ tháº¥y tÃ­ cÆ¡ hÆ¡n",https://www.tiktok.com/@namhonchien24?lang=vi-VN
quáº§n xá»‹p 7 mÃ u,t Ä‘g cá»‘ nghÄ© Ä‘Ã³ lÃ  1 tk con trai,https://www.tiktok.com/@binhthanh8159?lang=vi-VN
ê§ Soo ê§‚,2 ngÆ°á»i khÃ¡c nhau nha. Ä‘á»ƒ Ã½ ká»¹ khuÃ´n máº·t. 1 ngÆ°á»i cÃ³ cáº±m nhá»n cÃ²n 1 ngÆ°á»i cÃ³ cÃ²n báº±ng nha,https://www.tiktok.com/@hanboksoo?lang=vi-VN
lÆ°Æ¡ng quang thÃ nh,Alo alo cÃ³ ai nhÃ¬n tháº¥y gÃ¬ k,https://www.tiktok.com/@352006e?lang=vi-VN
ğ—¯ğ—®ğ—¯ğ—¶ğ—¯ğ—¼ğ˜† ğŸ«¥,Hai ng mÃ  nhÃ¬n ká»¹ cÃ¡i mÃ¡ Ä‘i,https://www.tiktok.com/@iamsadk4?lang=vi-VN
Plas Báº¥t Lá»±c.,"Ä‘á»“ng loáº¡i Ä‘Ã³ ae Ã 
Æ¡iğŸ˜‚",https://www.tiktok.com/@plas2005?lang=vi-VN
punoank's,Ã´i záº§y lÃ  trai hay gÃ¡iğŸ˜³,https://www.tiktok.com/@punoank?lang=vi-VN
Thá»‹nh kito,cÃ¡i Ä‘Ã³ mua Ä‘Ã¢u z ae ğŸ˜³ğŸ˜‚,https://www.tiktok.com/@thinh1132008g?lang=vi-VN
LÃ½ Thiáº¿t QuÃ¢n,nhÃ¬n cÃ¡i vai..vai......ğŸ˜—ğŸ˜—,https://www.tiktok.com/@qquanthiet?lang=vi-VN
P.MANH ğŸ’,khÃ¡c nhau nha ae nhÃ¬n rÄƒng,https://www.tiktok.com/@manhpan?lang=vi-VN
Duyyy,Chá»‹ nÃ³ nhÃ¬n cá»• Ä‘i ae,https://www.tiktok.com/@duy_2004444?lang=vi-VN
Blue Diamond,hoa máº¯t roiif Ã  ta,https://www.tiktok.com/@bluediamond2k3?lang=vi-VN
ğŸ APPLE ğŸ,háº£o cáº£ chiáº¿c quáº§n ğŸ˜‚ğŸ˜‚,https://www.tiktok.com/@appletv999?lang=vi-VN
TÃº,Quáº§n bá» lu tÃºtğŸ˜‚,https://www.tiktok.com/@nguyenanhtu829?lang=vi-VN
kemm cutii quÃ£i ğŸ™Š,mÅ©i khÃ¡c ae Æ¡i ğŸ˜‚,https://www.tiktok.com/@_dlaznh05_?lang=vi-VN
FBI,Ä‘á»“ng chÃ­ lÃ  nam hay ná»¯ nÃ³i ğŸ˜‚ğŸ˜‚ğŸ˜‚ğŸ˜‚,https://www.tiktok.com/@89trunghieu?lang=vi-VN
HoÃ i LÃª6682,bÃªn cÃ³ rÄƒng khÃªnh bÃªn khá»“n kÃ¬a ğŸ˜Œ,https://www.tiktok.com/@hoaile090?lang=vi-VN
ARMYğŸ’œ,NhÃ¬n rÄƒng Ä‘iğŸ˜‚,https://www.tiktok.com/@thong_army?lang=vi-VN
Fb ; ThÆ°Æ¡ng Kozzi,á»¦a tÃ³m láº¡i lÃ  trai hay gÃ¡i váº­y trá»i ğŸ˜‚ğŸ˜‚ğŸ˜‚ğŸ˜‚,https://www.tiktok.com/@thuong.kozzi?lang=vi-VN
Vá»¹ Messi357,trai giáº£ gÃ¡i Ã ğŸ˜…,https://www.tiktok.com/@userq81ibzvf15?lang=vi-VN
chamm,bá»‹ cuá»‘n,https://www.tiktok.com/@chamlacuacham_?lang=vi-VN
Off,rÄƒng khá»ƒnh,https://www.tiktok.com/@off_of3?lang=vi-VN
Tuáº¥n BÃ´ ğŸ˜¡,Con gÃ¡i tháº­t,https://www.tiktok.com/@tuanbo29092008?lang=vi-VN
Ngá»cedn,Cho xin linh duyn,https://www.tiktok.com/@ednngoc?lang=vi-VN
ThÃ nh Trung LÃª2k9,khÃ´ng pháº£i Ä‘á»“ng bá»n cá»§a chÃºng ta Ä‘Ã¢u tin tÃ´i Ä‘i,https://www.tiktok.com/@useruw7zfpumrx?lang=vi-VN
Äinh Tuáº¥n4886,Vl ğŸ˜‚,https://www.tiktok.com/@dinhtuan945?lang=vi-VN
TÆ°á»£ng Ä‘ang leo rank â­â­,nhÃ¬n giá»‘ng anh Háº£i Triá»u ğŸ˜…ğŸ˜…ğŸ˜…ğŸ˜…,https://www.tiktok.com/@bao_16112007?lang=vi-VN
ğŸ‘½Quá»³nhğŸ”¥,tao bj giá»n khung máº·t cá»§a pÃ  Ä‘Ã³:>,https://www.tiktok.com/@quyg03?lang=vi-VN
@nguyenth_are,máº¥t liá»n tim vÃ o cuá»™c sá»‘ng :(,https://www.tiktok.com/@nguyencoco7?lang=vi-VN
â„¢KTSâ„¢ Tuáº¥n,Báº» cong má»i Ä‘á»‹nh luÃ¢tğŸ˜‚ğŸ˜‚ğŸ˜‚,https://www.tiktok.com/@tuan_shaco?lang=vi-VN
Vi VÄƒn Tháº§m,Ä‘i Ä‘Ã¡ bÃ³ng anh Ãª ğŸ˜‚ğŸ˜‚,https://www.tiktok.com/@vivantham36?lang=vi-VN
kiÃªn,nhÃ¬n cáº±m lÃ  biáº¿t,https://www.tiktok.com/@kien.vo?lang=vi-VN
LnhHXungg,2 ngÆ°á»i mÃ  nhÃ¬n cÃ¡i khuÃ´n máº·t lÃ  biáº¿t liá»n,https://www.tiktok.com/@vyanh290?lang=vi-VN
FB :PhÆ°Æ¡ngg LinhhğŸ’â¤ï¸,Ä‘á»«ng nhÃ¬n cÃ¡i tai hay Ä‘á»ƒ Ã½ ná»¥ cÆ°á»i lÃ  biáº¿t 1 hay 2 nha,https://www.tiktok.com/@linh24tg12?lang=vi-VN
occho Ä‘á»«ng há»i,báº¯p tay khÃ¡c nhau kÃ¬a,https://www.tiktok.com/@quangtao1998?lang=vi-VN
Ã dgvcvh,2 ng nha trai cao gÃ¡i tháº¥p hÆ¡n xÃ­u,https://www.tiktok.com/@anh2ka8?lang=vi-VN
duy,nháº¯m máº¯t chÆ¡i bá»«ağŸ˜‚ğŸ˜‚ğŸ˜‚ğŸ˜‚,https://www.tiktok.com/@dyapz1ljlq9i?lang=vi-VN
huá»³nh khÃ¡nh linh,chÃª,https://www.tiktok.com/@linh3213ddn?lang=vi-VN
é´¨å­,å‘±å‘±,https://www.tiktok.com/@duck_1188?lang=vi-VN
kk,é¢ã€‚ã€‚ä½ çš„è£¤å­æœ‰é—®é¢˜å—ï¼Ÿ,https://www.tiktok.com/@usernvard81zs3?lang=vi-VN
HUY ÄÃ‚Y,ui tÃ´i Æ°á»›c tui Ä‘á»ƒ sá»›m hÆ¡n ğŸ˜,https://www.tiktok.com/@hhuy...2006?lang=vi-VN
â‘¥â‘¥ã€à¹€Kiá»‡tà¹€ã€â‘¥â‘¥,xinh vÃ£i,https://www.tiktok.com/@ffkkkkkk7?lang=vi-VN
FB:Tuáº¥n CÃ´ng Tá»­,ğŸ˜³,https://www.tiktok.com/@tuann1994?lang=vi-VN
Bipz,@tuannguyenduc8 ğŸ˜‚,https://www.tiktok.com/@radio4405?lang=vi-VN
cá»¥c cá»©c trÃ´i sÃ´ngğŸŒŠ,:)),https://www.tiktok.com/@duongduong286?lang=vi-VN
kháº£i nek,ğŸ˜‚ğŸ˜‚,https://www.tiktok.com/@khai2001k?lang=vi-VN
Nukaaa,ğŸ˜…,https://www.tiktok.com/@lalalahh113?lang=vi-VN
West Spring Pear,@ntt04070210 Ä‘Ãº trend ngayğŸ˜‚,https://www.tiktok.com/@lexuantay_2004?lang=vi-VN
HoÃ ng HÃ­ háº©n,Ãª Ãª Ãª Ãª Ãª ko Ä‘c tháº¿ Ä‘Ã¢u,https://www.tiktok.com/@hoangmanh886?lang=vi-VN
Lmao,@bn12404,https://www.tiktok.com/@......xx12?lang=vi-VN
NhiğŸ§ğŸ¶,@linh.453 ğŸ˜³,https://www.tiktok.com/@nhi_u1000t?lang=vi-VN
Nguyá»…n cáº£nh DÆ°Æ¡ng,@Ma Gaming ğŸ‘»,https://www.tiktok.com/@canhduong37?lang=vi-VN
Mr.TÃ i,ğŸ˜…ğŸ˜… á»‘i giá»i Æ¡i,https://www.tiktok.com/@__xedap.xedien__?lang=vi-VN
Äáº·ng NhÃ£ Linh,@nvt.vy,https://www.tiktok.com/@linhhxenhdep?lang=vi-VN
pháº¡m nhi_75,@nghongtai2011207 =),https://www.tiktok.com/@pnhi087?lang=vi-VN
lingg,@tuanng416 á»§a:))),https://www.tiktok.com/@phuonglingngo6?lang=vi-VN
HÆ°Æ¡ng ğŸ«¶ğŸ¤¡,@duc_dat_1402 ğŸ˜³,https://www.tiktok.com/@armysky04?lang=vi-VN
CubeğŸÄ‘ang iu Ä‘á»i,@vnquynh0403,https://www.tiktok.com/@cube_495?lang=vi-VN
Hihi,ğŸ˜…+ğŸ”º,https://www.tiktok.com/@fackerhii?lang=vi-VN
nguyendungx88,ğŸ˜‚ğŸ˜‚,https://www.tiktok.com/@dyqsj1a4152h?lang=vi-VN
ksorlik5,@184hoang @juliusisdepression,https://www.tiktok.com/@ksorlik5?lang=vi-VN
CÃ³ lÃºc yÃªu cÃ³ lÃºc khÃ´ng,@sinÂ²x+cosÂ²x=1 :),https://www.tiktok.com/@khaikhaii_12?lang=vi-VN
é»„å›¾çµğŸ°,@linh03012004,https://www.tiktok.com/@linh0301202?lang=vi-VN
Chuc 47,@datrom56,https://www.tiktok.com/@datrm5474836?lang=vi-VN
bbi thÃ­c dÆ°a háº¥u ğŸ‰,@emlanhattt_33 Ä‘á»ƒ t loaddd,https://www.tiktok.com/@_ntt.hozng_?lang=vi-VN
Tráº§n Ngá»c,ğŸ¥º,https://www.tiktok.com/@tranngoc1410?lang=vi-VN
Tháº§y bj cÃ¢m,ğŸ˜,https://www.tiktok.com/@xuaniunhu_2008?lang=vi-VN
Quá»‘c viá»‡t,@Thanh Huy,https://www.tiktok.com/@qvieet00?lang=vi-VN
Äi TÃ¬m Má»™t Ná»¯a,ğŸ˜‚ğŸ˜‚ğŸ˜‚,https://www.tiktok.com/@user260avu5h7?lang=vi-VN
khongcoiddau121,@haniel2209 @thainguynn,https://www.tiktok.com/@khongcoiddau121?lang=vi-VN
HoÃ ng Trá»ng Vinh ğŸ’”,ğŸ™‚,https://www.tiktok.com/@hoangtrongvinh202?lang=vi-VN
Tran Minh,?,https://www.tiktok.com/@hoangminh130408?lang=vi-VN
CHRIS WARREN TRáº¦N (DuyNhÆ°SÃ³i),?,https://www.tiktok.com/@chriswarrentran30012002?lang=vi-VN
hoadzzzzzzz11,ğŸ˜‚ğŸ˜‚ğŸ˜‚ğŸ˜,https://www.tiktok.com/@hoadzzzzzzz11?lang=vi-VN
xÃ¡ch dÃ©p cháº¡y theo OngxinkğŸ,trÃ´ng dth nhm..ğŸ˜¿,https://www.tiktok.com/@_b.hzoa17_?lang=vi-VN
Nguyá»…n Quá»‘c,ThÃ´i tao xin ğŸ™,https://www.tiktok.com/@cuocccbjpppnekkk?lang=vi-VN
THUY HAğŸ’,@_bquyznh01_,https://www.tiktok.com/@thyuhaa27?lang=vi-VN
TÆ°á»£ng Tá»‘i Cao,2 ng :))??,https://www.tiktok.com/@tuongtoicaodietvinacon1?lang=vi-VN
ğŸ”¥Nguyá»…nğŸ”¥,E,https://www.tiktok.com/@ph_0074?lang=vi-VN
code-016<Hiro>,ğŸ‘€ğŸ‘ï¸ğŸ‘„ğŸ‘ï¸,https://www.tiktok.com/@unclekhant2?lang=vi-VN
Thuáº­n Huá»³nh kim,@taikim2203,https://www.tiktok.com/@luuw_bas_oon?lang=vi-VN
Ko,ğŸ˜³ğŸ˜³ğŸ˜³ğŸ˜³,https://www.tiktok.com/@kyawkyaw90427?lang=vi-VN
É¹uÉ’nÉ¥,@tuuu888,https://www.tiktok.com/@pdh.rose?lang=vi-VN
ğŸŒŸğŸ’”KÎµiShağŸ’”ğŸŒŸ,@sangshinnosuke,https://www.tiktok.com/@64chishafru?lang=vi-VN
LwantTai,á€¡á€…á€…á€ºá€™ á€á€½á€± á€„á€¯á€­ğŸ˜…ğŸ˜…ğŸ˜…á€œá€­á€¯á€·á€›á€•á€®,https://www.tiktok.com/@xiaosai06?lang=vi-VN
Aung Htet Zaw,á€™á€á€ºá€™á€”á€ºá€á€®á€¸,https://www.tiktok.com/@aunghtetzaw62?lang=vi-VN
Pháº¡m VÄƒn Thi795,913567,https://www.tiktok.com/@khangoanh21?lang=vi-VN
obito,:))))))))),https://www.tiktok.com/@uchiha7891?lang=vi-VN
1k follow show máº·t ğŸ˜³,trang mÃ¬nh k cÃ³ gÃ¬ Ä‘Ã¢u thá» ğŸ˜ğŸ˜,https://www.tiktok.com/@thaituitre?lang=vi-VN
Kay,"BÃªn douyin cÅ©ng theo dÃµi cáº·p nÃ y,xinh thÃ¬ xinh tháº­t nhÆ°ng hÆ¡i gáº§y",https://www.tiktok.com/@kay130301?lang=vi-VN
Äinh Äáº¡t,Tao Ä‘ang cá»‘ gáº¯ng nghÄ© nÃ³ lÃ  em gÃ¡i cá»§a tháº±ng Ä‘Ã³ ğŸ˜³ğŸ˜‚ğŸ˜‚,https://www.tiktok.com/@dinhdat20?lang=vi-VN
"á»n|EÄ‘it Xe táº£i,Ä‘áº§u kÃ©oğŸšš",chÃªÃªÃªÃªğŸ˜,https://www.tiktok.com/@tiktokxetaidaknong48?lang=vi-VN
ğ™‚ğ™ğ™§ğ™¡ğŸ‡¨ğŸ‡³ğŸ¶,ğŸ˜ğŸ˜,https://www.tiktok.com/@sondtr1010?lang=vi-VN
Ä‘oraemon,ngÆ°á»i china ğŸ˜ xem phim nhÃ¬u biáº¿t,https://www.tiktok.com/@hunghoang20063?lang=vi-VN
ğŸ¦Šå³è¶Šé»ƒğŸ¦Š,KhÃ¡c nhau mÃ  rÃµ nghe lÃ  khÃ¡c nhau rá»“i ğŸ˜ğŸ˜,https://www.tiktok.com/@hoanggay1811?lang=vi-VN
HoÃ ng ğŸ¥²,bÃ¡n bao acc r háº£ chÃ¡u,https://www.tiktok.com/@cocaidb0102?lang=vi-VN
sawkalaymin0,lee,https://www.tiktok.com/@sawkalaymin0?lang=vi-VN
ç‰™å¥—å¯ä»¥è—å®µå¤œ,@ryuuuuu027 æ²’..æ²’é—œä¿‚äº†.....ç”·ç”Ÿå¥³ç”Ÿä»€éº¼çš„..........,https://www.tiktok.com/@zzooo89?lang=vi-VN
å°ç‰ğŸ±ğŸ‡¨ğŸ‡³,äººèˆ‡äººä¹‹é–“åŸºæœ¬çš„ä¿¡ä»»å‘¢ğŸ˜Ÿ,https://www.tiktok.com/@user702ay982zc?lang=vi-VN
â™¨ï¸,ä¸æ˜¯åŒå€‹äººè‡‰å‹ä¸åŒ,https://www.tiktok.com/@tncdsfgdh1326?lang=vi-VN
Nguyá»…n Thoáº¡i 71c1 â™¥ï¸,nháº¡c hÃ¢y + cmt dáº¡o = xem chÃ¹a ğŸ˜‚ğŸ˜,https://www.tiktok.com/@thoainguyen71c1?lang=vi-VN
stepmotherğŸ‡»ğŸ‡³,Ä‘Ã¡m mÃ i dÃ¢u báº¥t ngá» chx,https://www.tiktok.com/@italia_vn?lang=vi-VN
ğ’¯ğ‘œğ“ƒğ“ ğ“‚ğ‘œğ“ƒâ˜˜ï¸,wao thá»§ lÄ©nh tháº» bÃ i,https://www.tiktok.com/@tony.ngo6002?lang=vi-VN
,2 ng mÃ ,https://www.tiktok.com/@fillfoden03?lang=vi-VN
